Baker V. Bell,vitae@tellusfaucibus.org,Sweet,Prata,"Topo, Meio"
Preston Y. Hobbs,a@duiin.ca,Fowler,Ouro,"Meio, Topo"
Hedy L. Armstrong,eros.Nam@Aliquamadipiscing.co.uk,Colon,Sem Elo,"Suporte, Topo"
Claire V. Wilkinson,hendrerit.Donec.porttitor@nibh.co.uk,Nicholson,Bronze,"Suporte, Meio"
Keefe A. Wiggins,Pellentesque@accumsanneque.ca,Noble,Prata,"Suporte, Topo"
Hedley Q. Perkins,dolor.tempus.non@non.org,Trujillo,Prata,"Topo, Atirador"
Hyatt C. Reyes,lobortis.quam.a@Nullamlobortis.org,Beasley,Prata,"Atirador, Meio"
Irene L. Chang,at.risus@quis.co.uk,Paul,Prata,"Topo, Atirador"
Oprah W. Hodges,adipiscing@acarcuNunc.co.uk,Contreras,Prata,"Atirador, Meio"
Roary C. Campbell,Suspendisse.tristique@molestietortor.co.uk,Day,Sem Elo,"Suporte, Meio"
Julian U. Boyer,Nam@DonecegestasDuis.net,Herring,Ouro,"Suporte, Topo"
Dahlia B. Jarvis,quam.vel.sapien@Sedmalesuadaaugue.ca,Gordon,Ouro,"Selva, Atirador"
Arden I. Glover,vestibulum.Mauris@scelerisquelorem.ca,Burks,Prata,"Suporte, Meio"
Melyssa B. Blevins,nunc.est.mollis@ametorci.co.uk,Moran,Platina,"Selva, Suporte"
Erin U. Garza,elit.dictum@Vestibulumut.edu,Mcguire,Ouro,"Meio, Topo"
Brian J. Harris,dictum@sitamet.ca,Bridges,Prata,"Selva, Atirador"
Fredericka R. Jensen,nulla.In@nisidictum.org,Haney,Ouro,"Suporte, Selva"
Harper G. Stein,habitant.morbi.tristique@Cumsociis.co.uk,Clark,Ouro,"Topo, Suporte"
Shoshana N. Osborne,sed.leo.Cras@tempusnonlacinia.net,Mayer,Ouro,"Selva, Topo"
Kimberley M. Rivas,egestas@etmagnis.org,Byers,Ouro,"Selva, Topo"
Haley M. Irwin,per.conubia@quispedeSuspendisse.net,Morin,Ouro,"Meio, Selva"
Gisela K. Cooper,nec.enim@malesuada.com,Pickett,Platina,"Suporte, Meio"
Suki E. Tran,lorem.lorem.luctus@elitpedemalesuada.net,Gardner,Diamente,"Meio, Suporte"
Eliana C. Carver,pellentesque.eget.dictum@loremfringilla.com,Patton,Platina,"Selva, Meio"
Amos R. Peters,vulputate.nisi.sem@arcu.org,Middleton,Ouro,"Selva, Meio"
Russell L. Cooley,urna.Nullam@dui.com,Houston,Diamente,"Meio, Atirador"
Jessica G. Middleton,lobortis@Proinvelnisl.com,Owens,Sem Elo,"Topo, Suporte"
Zelda J. Copeland,elit.Curabitur@nisisem.com,Duffy,Sem Elo,"Atirador, Topo"
Vance F. Meyers,placerat@sem.com,Guthrie,Sem Elo,"Meio, Suporte"
Timothy H. Melendez,ullamcorper@eulacus.com,Craft,Platina,"Atirador, Selva"
Cruz K. Schmidt,lobortis.augue.scelerisque@Integerid.co.uk,Weber,Platina,"Meio, Selva"
Yoshi N. Stone,tellus@pede.ca,Dunn,Sem Elo,"Topo, Atirador"
Dacey M. Barlow,aptent.taciti.sociosqu@quismassaMauris.ca,Ruiz,Platina,"Selva, Topo"
Sopoline T. Willis,mattis.Integer@elitpellentesquea.org,Cherry,Prata,"Topo, Atirador"
Hakeem Y. Hansen,Praesent.eu@dictumeuplacerat.com,Sargent,Bronze,"Selva, Topo"
Priscilla C. Dillon,nunc.In.at@Namtempor.org,Hendricks,Prata,"Meio, Suporte"
Kendall U. Larsen,vel.turpis.Aliquam@nullaIntincidunt.co.uk,Browning,Bronze,"Suporte, Atirador"
Zenia Z. Short,Cras@nuncsitamet.edu,Nelson,Ouro,"Meio, Suporte"
Kermit S. Davenport,amet@aliquam.ca,Moon,Ouro,"Atirador, Meio"
Jacqueline Z. Cain,arcu@pedenec.ca,Reid,Prata,"Topo, Meio"
Moses D. Battle,turpis.egestas@egestasadui.ca,Young,Platina,"Atirador, Selva"
Laurel T. Burt,fringilla.mi@consequatdolor.net,Daniel,Prata,"Meio, Topo"
Rina H. Bernard,vulputate.lacus.Cras@loremvitaeodio.org,Leach,Platina,"Meio, Selva"
Candace Q. Fuentes,aptent.taciti@dapibusligulaAliquam.com,Quinn,Sem Elo,"Atirador, Suporte"
Burton A. Jacobson,Nunc.laoreet.lectus@utpellentesque.com,Rowland,Ouro,"Topo, Atirador"
Barbara D. Crane,nec.orci@Utsemperpretium.co.uk,Clemons,Prata,"Suporte, Topo"
Autumn A. Shields,orci.luctus.et@nec.ca,Reeves,Ouro,"Atirador, Suporte"
Holmes E. Farmer,augue@temporarcuVestibulum.org,Nunez,Ouro,"Suporte, Meio"
Leslie Y. Wiggins,dui.Cras.pellentesque@Nunc.edu,Bowers,Platina,"Selva, Meio"
Hayden Q. Doyle,ac.arcu@non.edu,Walter,Platina,"Suporte, Atirador"
Isabelle J. Pickett,Nunc@posuere.com,English,Prata,"Meio, Atirador"
Cain D. Guy,dolor.sit@orciUtsagittis.net,Savage,Ouro,"Atirador, Suporte"
Yeo K. Tran,dapibus@bibendumDonec.net,Horn,Ouro,"Meio, Suporte"
Abra O. Maldonado,pellentesque.massa.lobortis@inlobortistellus.org,Huffman,Ouro,"Suporte, Meio"
Philip L. Summers,nibh.lacinia@erat.net,Peck,Ouro,"Topo, Atirador"
Bernard Z. Meadows,eget@Suspendissesed.co.uk,Pope,Ouro,"Meio, Topo"
Perry V. Roy,Nulla.tincidunt@blandit.ca,Russo,Ouro,"Topo, Atirador"
Oren S. Blair,sed.hendrerit@Inscelerisquescelerisque.ca,Dawson,Ouro,"Topo, Meio"
Quinlan X. Pratt,ornare@tristiquealiquetPhasellus.org,Benton,Bronze,"Suporte, Topo"
Callum V. Reynolds,vulputate.eu@facilisisfacilisis.net,Grimes,Platina,"Topo, Meio"
Moses O. Christensen,vel@egestas.co.uk,Sosa,Bronze,"Suporte, Atirador"
Britanni C. Chang,Proin.dolor.Nulla@loremsemperauctor.ca,Miranda,Prata,"Meio, Suporte"
Steven Paul Jobs,faucibus.ut.nulla@convallisest.net,Dudley,Diamente,"Topo, Suporte"